RPL13A5,GAPDH4,RPL13A4,mNG1,GFP1,mNG5,GFP5,mNG4,ACTB4,RPL13A3,GAPDH3,ACTB3,GAPDH2,GAPDH5,ACTB1,RPL13A1,ACTB2,GFP6,GAPDH1,GFP4,RPL13A2,GFP3,ACTB5,cell
4,1,2,0,0,0,0,0,24,2,1,13,19,0,3,2,16,0,3,0,0,0,23,B1D8A2
1,4,2,0,0,0,0,0,28,2,2,17,42,2,4,0,11,0,7,0,1,0,33,G1B11A2
12,4,8,0,0,0,0,0,19,7,3,31,32,5,7,9,19,0,8,0,6,0,49,A2A8D2
5,5,5,0,0,0,0,0,23,2,5,28,27,1,7,3,15,0,7,0,3,0,41,F5G7H2
31,13,21,0,0,0,0,0,161,5,16,174,230,15,36,16,105,0,52,1,13,0,248,B5H8C2
2,4,1,0,0,0,0,0,48,4,0,44,43,2,16,0,21,0,7,0,2,0,65,E4C7B2
7,4,2,0,0,0,0,0,44,2,4,45,39,3,9,0,37,0,10,0,2,0,57,F5D10G2
21,4,11,0,0,0,0,0,49,9,5,56,62,6,9,4,33,0,12,0,11,0,76,G4E12B2
10,5,5,0,0,0,0,0,36,2,6,34,46,2,12,4,18,0,11,0,4,0,50,C5F11E2
8,7,0,0,1,0,0,0,47,5,7,56,50,5,14,1,40,0,11,0,1,0,102,C1B10G2
8,5,2,0,0,0,0,0,43,7,6,36,44,3,13,5,28,0,20,0,2,0,90,C5B8A2
2,2,1,0,0,0,0,0,49,2,4,49,36,2,3,0,19,0,13,0,3,0,65,E6C12G2
6,3,1,0,0,0,0,0,37,3,4,29,26,3,13,1,26,0,6,0,8,0,36,D1E10D2
2,2,1,0,0,0,0,0,8,4,1,17,20,0,4,1,11,0,5,0,2,0,26,B2G10E2
33,21,17,0,0,0,0,0,197,22,23,224,235,17,52,16,136,0,55,0,24,0,303,C6C9A2
10,6,4,0,0,0,0,0,67,10,3,40,93,6,15,4,31,0,20,0,2,0,93,E5E9E2
12,6,4,0,0,0,0,0,61,12,3,56,90,11,19,3,27,0,19,0,6,0,78,D5E9D2
17,5,6,0,0,0,0,0,57,4,9,78,82,5,11,2,39,0,22,0,6,0,105,F6H12H2
7,3,8,0,0,0,0,0,41,11,5,64,68,3,15,7,27,0,16,0,5,0,71,G1C11H2
3,4,1,0,0,0,0,0,8,5,2,8,30,4,2,2,7,0,3,0,2,0,21,H1A8E2
8,6,3,0,0,0,0,1,64,11,7,67,71,4,17,3,24,0,15,0,6,0,77,C5C10D2
4,4,3,0,0,0,0,0,28,6,2,25,47,3,3,1,13,0,9,0,8,1,47,B1F8C2
18,4,4,0,0,0,0,0,50,12,9,68,88,2,14,8,28,0,26,0,8,0,83,A3G10H2
24,24,17,0,0,0,0,0,193,12,20,116,214,17,45,6,124,0,38,0,12,0,282,C6F7G2
2,0,3,0,0,0,0,0,17,0,1,26,18,2,3,0,17,0,8,0,1,0,31,H5E10G2
4,0,3,0,0,0,0,0,19,3,2,23,32,0,2,0,12,0,9,0,4,0,20,G6A10D2
12,8,4,0,0,0,0,0,48,6,5,47,58,3,11,5,33,0,17,0,3,0,94,G1C10A2
4,1,1,0,0,0,0,0,18,1,1,16,24,0,6,1,16,0,9,0,1,0,35,G6C11F2
11,3,7,0,0,0,0,0,42,7,2,58,34,2,10,9,22,0,8,0,11,0,61,C6B10D2
35,18,19,1,0,0,0,0,121,9,20,108,167,10,24,10,66,0,30,0,15,1,207,A3E11G2
6,2,5,0,0,0,0,0,59,7,5,35,64,5,12,0,27,0,16,0,8,0,69,G6E11E2
3,1,2,0,0,0,0,0,34,1,3,60,41,2,13,1,32,0,8,0,2,0,64,G3B9F2
17,19,10,0,0,1,0,0,162,13,19,228,149,10,42,9,91,0,44,0,12,0,297,F6B12D2
2,2,2,0,0,0,0,0,16,1,2,17,18,3,2,0,9,1,4,0,0,0,28,A2E10A2
6,2,5,0,0,1,0,0,34,7,1,48,26,3,11,0,18,0,13,0,7,1,53,C6E9A2
14,7,5,0,0,0,0,0,45,6,5,46,51,3,13,3,36,0,15,0,12,0,61,B2A7C2
9,11,9,0,0,0,0,0,84,6,5,94,89,4,23,7,63,0,32,0,4,0,150,G3A7B2
4,2,4,0,0,0,0,0,39,7,5,34,43,4,9,1,13,0,12,0,2,0,40,H3C10E2
2,2,0,0,0,0,0,0,30,2,1,31,34,1,10,0,23,0,9,0,2,0,49,H2F11C2
5,6,4,0,0,1,0,0,24,4,4,25,36,4,5,0,13,0,6,0,5,0,40,E1G9E2
13,5,5,0,0,0,0,0,35,8,3,54,84,9,16,6,34,1,13,0,6,0,96,H2F8H2
11,10,5,0,0,0,0,0,80,9,9,94,101,7,15,2,44,0,36,0,12,0,154,A6F9D2
4,3,1,0,0,0,0,0,22,4,1,25,14,2,2,0,10,0,13,0,1,0,44,G5H11H2
6,15,4,0,0,0,0,0,87,7,8,49,110,3,8,3,25,0,16,0,5,0,130,H4D9B2
49,32,19,0,0,0,0,1,269,32,25,316,296,19,65,16,161,3,98,0,42,0,443,E2E9E2
13,5,7,0,0,0,0,0,48,9,7,41,41,3,7,3,25,0,11,0,4,0,63,E1D7D2
5,2,5,0,0,0,0,0,33,0,4,28,29,0,10,0,7,0,8,0,0,0,35,H5F10G2
3,0,0,0,0,0,0,0,16,0,0,15,17,0,7,1,15,0,5,0,1,0,27,A2B8F2
7,2,1,0,0,0,0,0,34,3,1,30,27,1,8,2,17,0,12,0,3,0,55,E2F8A2
38,37,28,0,0,0,1,0,270,23,25,319,300,13,72,13,173,0,84,1,23,0,421,F1F7C2
8,8,7,0,0,0,0,0,75,5,2,90,61,2,23,4,42,0,25,0,7,0,140,F6C10B2
4,2,1,0,0,0,0,0,28,2,1,28,34,3,4,1,25,0,17,0,7,0,51,C6F7E2
12,6,6,0,0,0,0,1,70,10,8,107,64,5,18,8,38,0,21,0,7,0,116,D6G11H2
4,3,7,0,0,0,0,0,34,6,0,43,31,0,10,4,9,0,12,0,3,0,70,A4D12G2
57,18,34,0,0,0,1,0,212,31,24,246,267,20,69,24,135,0,92,1,34,0,336,D6C8D2
5,9,3,0,0,0,0,0,59,3,2,46,63,4,21,2,32,0,14,0,5,0,99,B5F9A2
24,22,11,0,0,0,0,0,174,14,21,185,253,7,43,11,79,0,65,0,14,1,252,G4H11D2
3,3,3,0,0,0,0,0,25,3,1,21,25,0,13,2,15,0,11,0,2,0,39,C5B7A2
17,11,6,0,0,0,0,0,131,12,16,141,170,9,32,8,59,1,45,0,9,0,206,D3E9F2
14,14,8,0,0,0,0,0,108,15,9,133,125,4,30,3,74,0,39,0,6,0,174,E1C10E2
10,4,4,0,0,0,0,0,78,2,7,78,85,5,17,3,52,0,13,0,6,0,115,H4F8A2
6,4,1,0,0,0,0,0,33,7,4,35,39,2,11,1,21,0,12,0,6,0,72,H2F8A2
12,1,7,0,0,0,0,0,58,4,3,43,59,4,16,5,25,0,11,0,8,0,81,E6G12A2
22,13,14,0,0,0,0,0,109,17,12,147,171,11,26,10,76,0,40,0,12,0,178,E6C12C2
8,4,6,0,0,0,0,0,35,2,7,40,37,3,12,3,27,0,13,0,11,0,44,D5D8D2
19,16,6,0,0,0,0,0,82,3,7,95,108,5,21,5,52,0,30,0,6,0,132,A5F8D2
11,6,7,0,0,0,0,0,47,3,7,57,55,1,7,5,18,0,16,0,8,0,80,C4D8A2
8,3,2,0,0,0,0,0,25,2,1,43,34,2,7,2,18,0,12,0,1,0,44,E4F10H2
5,1,3,0,0,0,0,0,28,7,2,20,37,4,7,8,20,0,9,0,5,0,44,A6D9B2
6,5,4,0,0,0,0,0,28,6,2,46,62,5,7,1,19,0,18,0,4,0,48,E1E12G2
12,5,6,0,0,0,0,0,46,7,9,55,58,4,7,1,27,0,16,0,3,0,48,H3H8F2
10,1,6,0,0,0,0,0,54,8,8,59,68,3,10,5,38,0,17,0,5,0,71,G3A10B2
22,15,11,0,0,0,0,0,127,6,18,135,183,8,24,4,70,0,35,0,12,1,172,G3E12G2
5,12,6,0,0,0,0,0,58,5,4,72,79,3,15,2,31,0,14,0,4,0,93,F4G12D2
16,11,8,0,0,0,0,0,92,8,16,161,112,4,29,6,81,0,40,0,7,0,186,B1C9B2
10,6,10,0,0,0,0,0,29,1,9,25,62,7,16,5,34,0,10,0,5,0,89,E2E9B2
5,6,2,0,0,0,0,0,43,2,2,41,48,2,12,2,22,0,13,0,1,0,53,F3C7H2
33,32,12,0,0,0,0,0,188,17,9,180,189,12,55,12,119,0,39,0,15,0,312,D6G9A2
11,11,2,0,0,0,0,0,79,8,3,90,96,2,29,5,47,0,22,2,7,0,141,C1D8H2
1,3,2,0,0,0,0,0,27,2,3,37,32,1,4,0,13,1,9,0,3,0,29,C2D8D2
2,2,1,0,0,0,0,0,42,1,2,39,41,3,11,1,22,0,7,0,1,0,63,F5A7H2
13,8,9,0,0,0,0,0,55,9,7,61,82,3,9,6,26,0,19,0,7,0,78,B2E10H2
8,2,1,0,0,0,0,0,30,4,3,53,30,1,11,2,28,0,14,0,4,0,72,D1C9F2
4,3,0,0,0,0,0,0,23,3,0,17,24,0,4,2,8,1,3,0,4,0,33,G3D9G2
58,48,15,0,0,0,0,0,492,31,39,426,439,35,102,17,273,0,112,0,32,1,754,F5E9H2
12,6,5,0,0,0,0,0,53,5,9,62,88,4,13,4,23,0,25,0,9,0,91,C6E10F2
6,5,4,0,0,0,0,0,29,5,1,23,31,4,10,4,18,0,6,0,6,0,47,H5A12E2
17,6,5,0,0,0,0,0,110,8,12,108,118,6,19,7,71,0,22,0,13,0,136,H5C9H2
10,17,6,0,0,0,0,0,68,8,6,93,115,1,18,4,63,0,39,0,10,0,140,E6F12D2
4,0,1,0,0,0,0,0,31,4,2,45,46,5,5,0,19,0,11,0,1,0,56,D3A9A2
0,1,0,0,0,0,0,0,7,0,2,34,20,2,4,0,10,0,2,0,1,0,24,F5C9E2
5,1,5,0,0,0,0,0,21,4,3,27,32,1,8,4,11,0,11,0,3,0,39,H1H7C2
5,1,0,0,0,0,0,0,31,4,1,38,33,1,15,4,11,0,8,0,2,0,35,H6C7F2
4,1,1,0,0,0,0,0,12,4,2,13,22,2,5,2,7,0,5,0,7,0,16,F2F10B2
23,12,5,0,0,0,0,0,90,9,3,74,118,6,31,3,61,0,34,0,12,0,126,B1H10G2
4,1,3,0,0,0,0,0,87,6,1,107,39,3,23,1,65,0,19,0,3,0,124,G2D10F2
9,4,0,0,0,0,0,0,43,4,3,43,54,2,12,0,28,1,15,0,3,0,67,A5A10B2
4,7,4,0,0,0,0,0,18,2,2,25,32,1,8,3,16,0,11,0,5,0,32,A3D9G2
8,4,6,0,0,0,0,0,71,8,3,51,33,3,19,3,39,0,15,0,9,0,78,C4E8D2
88,65,45,0,0,0,0,1,587,57,56,630,617,31,135,17,335,1,148,0,45,0,943,H3E12C2
3,5,5,0,0,0,0,0,54,9,5,73,51,4,12,3,33,0,16,0,4,1,102,C3H7G2
5,6,1,0,0,0,0,0,10,1,1,21,33,1,4,0,11,0,10,0,3,0,28,A1C7H2
8,3,5,0,0,0,0,0,34,4,1,51,49,1,7,3,31,0,10,0,2,0,64,E4H9D2
11,9,9,0,0,0,0,0,69,4,6,82,68,4,17,1,48,0,20,0,5,1,102,F3C9B2
7,3,4,0,0,0,0,0,26,3,2,22,45,1,8,0,16,0,8,0,3,0,30,G3A7A2
5,3,4,0,0,0,0,0,19,6,4,21,38,2,10,2,24,0,9,0,6,0,41,D1E11G2
14,8,7,0,0,0,0,0,63,13,13,75,99,10,12,3,41,0,21,0,10,0,100,C6C9G2
12,3,5,0,0,0,0,0,31,6,3,42,39,2,6,5,19,0,16,0,4,0,52,F4D9F2
2,3,2,0,0,0,0,0,28,6,0,34,42,2,8,0,15,0,11,0,1,0,38,B2G12F2
34,14,15,0,0,1,0,0,190,10,21,193,190,11,47,14,135,0,58,0,10,0,273,A5B12H2
6,6,1,0,0,0,0,0,41,3,2,29,42,4,8,4,19,0,4,0,2,0,55,G6C11B2
1,6,2,0,0,0,0,0,25,4,3,36,38,4,3,0,17,0,19,0,4,0,59,H4F7F2
27,21,13,0,0,2,0,0,140,19,16,177,184,10,33,8,96,0,39,0,12,0,219,B3F11H2
17,15,14,0,0,0,0,0,111,19,7,96,167,13,30,12,46,0,43,0,27,0,169,F1H11C2
12,9,3,0,0,0,0,0,31,3,5,28,55,6,9,9,19,0,9,0,9,0,74,H6F12H2
10,4,3,0,0,0,0,0,41,5,3,41,48,2,16,1,20,0,11,0,5,0,71,E1B11H2
7,1,2,0,0,0,0,0,33,2,4,37,50,1,10,2,15,0,13,0,6,0,55,H1A10F2
14,7,7,0,0,0,0,0,85,12,11,128,101,4,29,5,62,3,30,0,5,0,176,E3E9B2
34,19,18,0,0,0,0,0,144,23,16,168,215,15,31,10,91,0,63,0,23,1,280,G5F7D2
11,8,6,0,0,0,0,0,47,5,7,53,43,4,11,2,25,1,8,0,5,0,64,H6F10G2
3,4,2,0,0,0,0,0,26,1,2,32,37,2,5,1,17,0,10,0,2,0,43,F4F10A2
9,8,4,0,0,0,0,0,49,1,6,34,44,0,13,2,30,0,9,0,4,0,60,F3C12A2
19,1,11,0,0,0,0,0,36,2,8,34,71,4,5,5,15,0,20,0,9,0,68,H2E9A2
9,6,12,0,0,0,0,0,63,16,6,78,73,4,18,9,39,0,21,0,10,0,106,H3A7E2
8,7,5,0,0,1,0,0,35,3,2,45,66,3,11,4,20,0,25,0,7,0,65,D2G11D2
16,8,7,0,0,0,1,0,177,7,8,208,105,5,43,4,90,0,36,0,9,0,251,G6F7H2
7,1,2,0,0,0,0,0,15,3,3,16,39,4,8,3,8,0,13,0,3,0,40,A1F9A2
8,2,1,0,0,0,0,0,53,7,4,47,60,4,14,3,26,0,17,0,4,0,85,E2A8A2
4,4,5,0,0,0,0,0,38,6,2,56,44,4,12,6,31,0,11,0,5,0,69,H4B7D2
21,11,18,0,0,0,1,0,134,20,24,178,158,11,39,4,85,0,35,0,15,0,209,G6B7E2
17,3,5,0,0,0,0,0,71,5,6,62,79,2,14,8,30,0,22,0,6,0,113,A3A9F2
6,0,4,0,0,0,0,0,26,3,8,16,28,2,7,5,12,0,14,0,10,0,30,F5H8C2
10,4,8,0,0,0,0,0,34,9,9,35,57,6,9,4,21,0,18,0,4,0,51,H3A9B2
0,1,3,0,0,0,0,0,18,5,3,39,29,2,7,2,21,0,9,0,4,0,50,F5C8B2
3,4,2,0,0,1,0,0,12,4,3,18,26,2,5,2,9,0,5,0,5,0,24,F5H9E2
36,29,22,0,0,1,0,0,232,26,17,331,275,16,66,10,160,1,50,0,25,1,433,C6G12H2
4,0,0,0,0,0,0,0,18,0,0,19,30,1,5,3,8,0,4,0,3,1,43,E4G11D2
4,6,4,0,0,0,0,0,23,1,3,20,39,2,7,0,10,0,11,0,3,0,30,E2C9D2
8,4,5,0,0,0,0,0,35,9,3,34,29,3,9,2,15,0,9,0,7,0,58,E6F12G2
3,4,1,0,0,0,0,0,35,2,1,37,23,2,4,3,15,0,8,0,0,0,52,B3E8E2
8,7,3,0,0,0,0,0,22,3,1,33,47,0,10,2,15,0,14,0,4,0,47,C2A10A2
19,7,10,0,0,0,0,0,49,13,5,66,75,2,16,12,27,0,24,0,9,0,100,G2B8C2
13,1,4,0,0,0,0,0,19,8,3,28,32,4,5,4,10,0,4,0,9,0,26,E3F7G2
15,1,4,0,0,0,0,0,26,6,4,46,31,5,4,5,19,0,8,0,6,0,62,B5E9G2
7,2,2,1,0,0,0,0,75,7,7,115,55,3,22,4,44,0,16,0,1,0,130,C4D11G2
10,6,3,0,0,0,0,0,41,4,9,78,56,3,20,1,31,0,24,0,5,0,85,H6D11E2
25,13,7,0,0,0,0,0,104,12,10,116,121,9,27,6,66,1,22,0,11,0,154,B2F11E2
31,10,10,0,0,0,0,0,133,14,12,140,180,8,29,4,96,0,30,0,17,0,243,H4C10H2
26,9,12,0,0,0,1,0,98,27,18,119,134,11,22,11,52,0,38,0,24,0,171,D2F8D2
4,3,2,0,0,0,0,0,31,2,2,30,40,1,9,2,13,0,5,0,4,0,51,B2F8D2
6,0,4,0,0,0,0,0,12,3,2,11,35,4,3,1,9,0,2,0,7,0,27,G5H7C2
7,0,2,0,0,0,0,0,32,5,1,46,21,4,7,3,16,0,12,0,1,0,48,D5E11D2
6,8,2,0,0,0,0,0,21,7,4,36,52,1,6,2,18,0,12,0,4,0,52,A5D8F2
4,1,1,0,0,0,0,0,22,1,0,32,26,2,5,2,21,0,8,0,2,0,52,E5A10F2
2,3,2,0,0,0,0,0,21,2,0,9,26,1,2,0,9,0,11,0,1,0,35,B2D9A2
19,7,10,0,0,0,0,0,98,10,8,114,111,3,22,6,65,0,33,0,8,0,183,G3D7A2
5,5,5,0,0,0,0,0,31,1,1,39,54,1,9,3,19,0,12,0,4,0,49,H4E11G2
10,5,5,0,0,0,0,0,33,4,4,47,40,4,9,1,22,0,12,0,5,0,57,A4D11F2
8,6,9,0,0,0,0,0,36,8,7,57,50,3,10,2,25,0,11,0,6,0,71,E5B8E2
5,4,4,2,0,0,0,0,86,8,8,93,76,7,25,3,38,0,23,0,6,0,149,E3F11C2
19,2,3,0,0,0,0,0,20,6,1,26,41,3,6,3,13,0,10,0,6,0,53,F4H7G2
8,5,5,0,0,0,0,0,38,2,2,21,35,0,6,2,17,0,8,0,4,0,44,F1C10D2
7,1,4,0,0,0,0,0,33,4,5,50,59,2,10,0,22,0,12,0,2,0,61,A4D7D2
4,3,0,0,0,0,0,0,29,4,0,46,39,1,9,1,27,0,9,0,1,0,78,C2E10G2
13,10,14,0,0,0,0,0,149,11,10,139,130,8,36,7,82,0,35,0,13,1,205,G2A10B2
7,4,3,0,0,0,0,0,10,4,2,13,26,0,3,0,8,0,4,0,0,0,21,A6C7A2
6,6,2,0,0,0,0,0,44,7,6,59,73,5,13,1,22,0,16,0,3,0,96,B5C10D2
3,3,0,0,0,0,0,0,16,2,3,35,32,1,11,1,10,0,9,0,2,0,33,D2H10H2
6,3,3,0,0,0,0,0,14,2,0,14,28,2,0,0,14,0,8,0,0,0,22,E4C10A2
8,1,2,0,0,0,0,0,30,2,5,26,35,1,7,0,14,0,14,0,4,0,35,G6E7C2
8,8,5,0,0,0,0,0,49,6,4,57,69,1,13,3,37,0,14,0,5,0,90,C1F7G2
5,8,8,0,0,0,0,0,31,2,4,63,71,4,4,0,26,0,11,0,3,0,53,G4A9B2
3,3,3,0,0,0,0,0,32,6,3,33,26,3,8,0,24,0,14,0,3,0,57,E1B11B2
4,3,0,0,0,0,0,0,42,7,1,48,33,0,13,3,31,0,9,0,6,0,50,E6C9E2
1,4,1,0,0,0,0,0,10,0,1,18,21,0,2,0,6,0,5,0,2,0,33,B2E7B2
3,2,2,0,0,0,0,0,14,2,2,26,17,1,4,1,7,0,6,0,0,0,20,E1F8G2
3,1,4,0,0,0,0,0,30,4,0,18,29,0,5,3,17,0,10,0,3,0,40,G4C7A2
7,1,1,0,0,0,0,0,30,1,1,41,27,1,7,0,16,0,9,0,4,0,56,B3H11A2
16,7,4,0,0,0,2,0,69,6,3,84,78,5,15,3,49,1,28,0,5,0,125,D3B7C2
7,7,2,0,0,0,0,0,46,2,7,39,53,3,13,0,27,0,13,0,9,0,60,E2H11C2
10,3,4,0,0,0,0,0,39,1,10,43,55,5,13,3,26,0,27,0,4,0,49,E2C11G2
14,5,6,0,0,0,0,0,90,7,7,96,94,7,19,2,48,0,35,0,9,0,139,B2F10E2
10,7,3,0,0,0,0,0,55,7,6,80,75,4,26,4,37,1,20,0,8,0,123,F1H7E2
3,1,3,0,0,0,0,0,21,3,0,14,23,2,5,0,10,0,4,0,1,0,14,C5B11D2
8,4,5,0,0,0,0,0,32,7,2,50,26,3,11,4,21,0,7,0,4,0,65,E3F8E2
10,2,1,0,0,0,0,0,22,3,3,33,68,1,13,1,25,0,21,0,0,0,36,B1F11G2
5,2,1,0,0,0,0,0,87,5,8,107,78,4,23,4,64,0,23,0,3,0,181,E6B8A2
5,5,1,0,0,0,0,0,22,0,7,23,44,2,11,2,12,0,10,0,2,0,55,D3B9H2
12,8,4,0,0,0,0,0,58,5,5,65,56,6,25,4,45,0,17,0,9,0,111,G1H11F2
4,2,3,0,0,0,0,0,21,1,1,40,22,2,8,1,9,0,7,0,6,0,50,G4A12A2
2,1,3,0,0,0,0,0,52,2,3,57,47,0,9,1,21,0,9,0,3,0,75,B3C7C2
1,3,2,0,0,0,0,0,33,3,2,33,27,3,7,3,11,0,8,0,3,0,37,D1H10H2
10,5,2,0,0,0,0,0,59,4,2,37,55,1,10,2,24,0,15,0,6,0,69,E1H7A2
20,15,16,0,0,0,0,0,161,15,12,163,155,6,46,6,104,0,43,0,10,0,252,E1F11C2
2,2,1,0,0,0,0,0,13,1,1,17,30,0,3,1,10,0,3,0,0,0,25,C3G8A2
13,9,8,0,0,0,0,0,80,12,7,131,150,11,34,8,51,0,26,0,13,0,169,E3H9D2
1,3,1,0,0,0,0,0,12,4,0,38,41,2,8,4,13,0,10,0,2,0,43,F1H11A2
6,4,1,0,0,0,0,0,37,4,1,50,33,5,14,2,22,0,19,0,4,0,75,E5F8H2
15,11,8,0,0,0,0,0,101,9,12,121,95,4,27,9,64,0,31,0,8,0,170,H6C9E2
4,4,1,0,0,0,0,0,63,3,5,54,44,8,11,3,22,1,11,0,1,0,82,F1A12A2
7,4,4,0,0,0,0,0,22,1,6,17,61,2,6,3,13,0,11,0,5,0,21,C4G10A2
3,1,2,0,0,0,0,0,30,3,2,33,31,1,6,3,17,0,9,0,2,0,44,C4A12F2
6,6,5,0,0,0,0,0,33,2,6,26,52,3,9,1,17,0,17,0,6,0,44,F2A12G2
8,2,3,0,0,0,0,0,28,4,4,45,30,1,7,2,18,0,11,0,1,0,39,E3A8B2
7,1,3,0,0,0,0,0,18,5,6,36,24,1,11,0,13,0,12,0,3,0,41,B2B7F2
8,5,7,0,0,0,0,0,71,10,4,93,58,4,19,6,47,0,19,0,12,0,105,C2C9A2
33,19,16,0,0,0,0,0,174,22,16,213,217,12,55,6,120,1,47,0,17,0,271,A3D10B2
38,25,15,0,0,0,0,0,155,22,11,119,235,17,33,10,87,0,47,0,11,0,271,A1F9E2
14,5,6,0,0,0,0,0,59,7,3,76,70,5,23,8,39,0,19,0,6,0,82,H1H8G2
9,6,2,0,0,0,0,0,52,6,8,52,64,3,13,4,29,0,18,0,6,0,83,F6C10G2
16,7,8,0,0,0,0,0,54,4,6,56,76,3,13,0,40,0,16,0,12,0,99,F3F12F2
10,8,2,0,0,0,0,0,46,9,6,50,52,1,12,2,23,0,10,0,4,0,50,C2G11H2
5,4,4,0,0,0,0,0,91,3,4,67,80,4,25,2,52,0,21,0,2,0,125,E1E12D2
12,5,4,0,0,0,0,0,14,3,3,24,38,2,3,7,15,0,11,0,1,0,32,G4A11E2
24,10,5,0,0,1,0,0,70,9,8,73,96,7,23,5,61,0,24,0,7,1,118,E2B9G2
8,5,5,0,0,0,0,0,16,4,0,19,40,1,7,3,13,0,5,0,3,0,34,H5A8G2
20,4,4,0,0,0,0,0,66,12,5,94,99,5,17,9,31,1,22,0,8,0,125,F4D9G2
20,5,12,0,0,0,0,0,86,6,9,98,71,5,29,5,43,0,18,0,13,0,144,E3D8H2
8,9,3,0,0,0,0,0,65,3,16,74,110,6,14,4,50,0,28,0,6,0,112,G2H11A2
9,4,4,0,0,0,0,0,30,7,9,46,79,2,10,6,20,0,21,0,5,0,70,H4C7F2
3,2,4,0,0,0,0,0,17,6,2,21,24,3,3,0,11,0,10,0,5,0,23,E3F8B2
16,6,3,0,0,0,0,0,42,16,2,47,54,2,10,10,38,0,21,0,7,0,93,A3E10F2
3,2,2,0,0,0,0,0,19,0,1,22,25,2,4,1,10,0,14,0,2,0,22,B5G12A2
12,8,5,0,0,0,0,0,55,7,5,67,68,1,9,4,26,0,15,0,9,0,86,G2C7E2
3,0,2,0,0,0,0,0,26,3,2,34,35,0,6,4,23,0,13,0,8,0,35,G6E8H2
8,5,8,0,0,0,0,0,46,8,4,60,42,5,10,5,20,0,12,0,8,0,53,G1C8D2
8,6,3,0,0,0,0,0,58,1,1,55,32,0,10,5,24,0,18,0,6,0,59,F4F11G2
5,0,1,0,0,0,0,0,25,0,0,20,22,1,5,1,9,0,4,0,3,0,28,F6F8F2
9,6,5,0,0,0,0,0,29,4,6,47,41,2,12,3,34,0,12,0,5,0,64,B6B7G2
8,2,3,0,0,0,0,0,38,9,5,32,35,2,7,4,19,0,12,0,3,0,43,E5G11F2
3,2,2,0,0,1,0,0,29,4,3,36,37,5,14,3,18,0,14,0,4,0,55,B6H11H2
8,1,0,0,0,0,0,0,29,2,0,25,22,2,3,2,11,0,3,0,3,0,25,A2H10H2
1,2,4,1,0,0,0,0,21,1,4,24,32,1,7,0,12,0,6,0,3,0,35,F3C9G2
15,2,7,0,0,0,0,1,78,9,6,89,83,8,23,3,52,0,17,0,11,0,110,G2G10E2
8,6,5,0,0,0,0,0,42,7,6,51,65,0,15,1,30,0,15,0,4,0,68,D2B9D2
16,11,11,0,0,0,0,0,84,8,9,78,106,7,15,5,51,0,34,0,11,0,137,F2C8H2
9,2,3,0,0,0,0,0,74,5,3,86,72,4,13,3,34,0,19,0,7,0,100,A6F9G2
0,5,3,0,0,0,0,0,39,5,3,33,30,0,7,0,22,0,15,0,4,0,56,D6C8F2
6,2,3,0,0,0,0,0,32,3,4,37,35,1,6,0,15,0,10,0,4,0,59,A3B10B2
31,14,14,0,0,0,0,0,196,19,19,233,207,10,54,10,103,0,57,0,18,0,305,A3F8D2
5,8,1,0,0,0,0,0,30,3,3,27,46,5,6,0,21,0,10,0,2,0,44,B5A12H2
26,24,14,0,0,1,0,0,180,27,24,208,190,17,34,12,107,0,59,0,21,0,273,E5G10A2
11,11,6,0,0,0,0,1,33,8,4,54,45,4,15,8,20,0,8,0,7,0,62,A1E11A2
10,8,4,0,0,0,0,0,59,5,4,93,81,2,18,3,46,0,26,0,3,0,111,C5E9C2
0,2,3,0,0,0,0,0,22,1,2,22,15,0,10,0,15,0,6,0,0,0,42,D3G8H2
26,22,18,0,0,0,0,0,169,19,12,203,243,10,49,9,108,0,46,0,24,0,234,F1B8G2
41,24,25,0,0,0,0,1,223,22,16,262,258,15,44,14,122,1,56,0,33,0,284,D2H8H2
5,2,0,0,0,0,0,0,23,3,0,29,25,3,9,1,11,0,7,0,1,0,29,E2A9F2
2,4,2,0,0,0,0,0,26,1,2,47,28,0,8,0,10,0,10,0,2,0,42,E6A11H2
18,14,14,0,0,0,0,0,117,21,16,142,198,8,29,7,76,0,47,0,23,0,162,A4C10E2
15,5,9,0,0,0,0,0,90,7,9,94,113,11,33,9,54,0,25,0,11,0,165,C6E9C2
11,4,6,0,0,0,0,0,69,6,7,62,96,6,19,3,53,0,21,0,3,0,160,G3D8E2
10,4,4,0,0,0,0,0,74,4,5,88,47,5,27,1,47,0,12,0,6,0,140,F2F9G2
32,13,15,0,0,0,0,0,114,21,19,121,123,9,43,10,83,1,39,0,24,0,206,F2E12G2
2,0,1,0,0,0,0,0,31,1,4,36,28,1,7,1,25,0,11,0,3,0,62,A2F9H2
7,4,2,0,0,0,0,0,51,2,1,53,27,2,10,1,32,0,14,0,3,0,85,C3F10H2
2,5,0,0,0,0,0,0,42,3,2,62,46,2,9,1,34,0,9,0,1,0,66,E5B12B2
14,9,7,0,0,1,0,0,99,9,16,153,121,8,33,5,81,0,35,0,13,0,189,E5F9H2
7,4,4,0,0,0,0,0,12,2,2,12,31,1,6,3,2,0,6,0,5,0,19,E3B9A2
14,7,5,0,0,0,0,0,74,9,8,84,84,5,17,1,55,0,21,0,7,0,121,A6A10H2
3,2,2,0,0,0,0,0,16,4,2,26,25,1,3,0,9,0,11,0,2,0,43,F2G9E2
0,0,0,0,0,0,0,0,23,0,2,17,14,1,6,0,11,0,2,0,1,0,26,D3H9G2
8,2,1,0,0,0,0,0,45,9,4,56,42,3,6,6,35,0,19,0,4,0,66,H2D10E2
8,7,5,0,0,0,0,0,33,5,9,40,81,6,3,4,26,0,20,0,7,0,69,H3E12G2
6,2,2,0,0,0,0,0,34,4,1,35,33,3,10,6,18,0,13,0,2,0,46,F1B7D2
34,15,10,0,0,0,0,0,159,22,17,158,241,10,34,9,90,0,49,0,19,0,274,H3B11H2
2,2,1,0,0,0,0,0,18,4,1,25,26,0,4,0,6,0,7,0,1,0,23,B2F8G2
5,3,5,0,0,0,0,0,14,1,2,15,36,2,4,1,14,0,13,0,4,0,40,C4G9F2
2,2,1,0,0,0,0,0,18,1,3,25,17,0,5,1,10,0,10,0,4,0,27,C5H11E2
6,4,2,0,0,0,0,0,27,1,4,34,20,2,4,2,17,0,6,0,9,0,51,E2H9D2
10,5,3,0,0,0,0,0,42,3,7,44,45,3,9,4,23,0,13,0,5,0,61,B3F11C2
20,11,6,0,0,0,0,0,93,11,4,98,84,6,22,7,44,0,27,0,8,0,136,E3B9D2
38,27,19,0,0,0,0,0,281,18,25,387,298,22,61,12,159,0,70,0,28,0,457,G4F8D2
14,6,8,0,0,0,0,0,55,8,4,70,60,2,13,4,26,1,13,0,9,0,61,C5A12B2
3,2,1,0,0,0,0,0,21,2,1,18,19,0,2,0,6,0,8,0,2,0,33,D6H9C2
4,14,2,0,0,0,0,0,74,8,2,46,97,2,21,1,47,0,22,0,7,0,100,G2B12F2
19,10,6,0,0,1,0,0,78,7,13,76,113,9,15,1,34,0,41,0,7,0,133,E5E12G2
6,6,6,0,0,0,0,0,58,6,7,28,97,5,17,1,26,0,22,0,3,0,92,F5D11E2
2,3,4,0,0,0,0,0,59,4,5,67,69,8,17,4,36,0,10,0,3,0,94,A4A8F2
15,5,6,0,0,0,0,0,48,11,7,60,80,6,15,2,29,1,20,0,8,0,81,F1E8E2
4,7,2,0,0,0,0,0,37,1,1,25,43,4,11,0,27,0,8,0,4,0,75,C1D10D2
3,7,3,0,0,0,0,0,83,2,8,114,72,6,20,1,60,0,18,0,4,0,126,C5C9B2
31,27,20,1,0,0,0,0,224,22,16,235,283,12,51,10,102,0,81,0,15,0,339,G3F12D2
7,2,3,0,0,0,0,0,14,4,4,19,28,6,4,1,11,0,8,0,4,0,28,F4F8A2
6,3,3,0,0,0,0,0,39,1,2,35,42,2,7,4,24,0,13,0,4,0,66,F1B9C2
9,4,2,0,0,0,0,0,31,7,1,51,40,1,5,2,16,0,21,0,3,0,60,A4D8C2
13,14,11,0,0,0,0,0,67,10,10,75,121,8,15,5,54,0,26,0,9,0,126,F5E9A2
9,1,1,0,0,0,0,0,11,3,1,11,24,0,3,3,5,0,8,0,2,0,19,B5H7E2
17,5,7,0,0,0,0,0,90,11,7,124,67,2,21,7,56,1,16,0,5,0,183,C1A12H2
16,7,5,0,0,0,0,0,67,8,10,71,71,1,12,6,40,1,17,0,18,1,108,H2B7H2
7,4,10,0,0,0,0,0,47,3,5,48,46,1,10,0,17,0,13,0,3,0,72,G2A9D2
19,19,7,0,0,0,0,0,81,20,6,89,122,5,21,5,49,0,27,0,14,0,137,G1A7D2
12,1,6,0,0,0,0,0,52,6,7,52,43,4,12,0,30,0,10,0,3,0,72,A2C12E2
2,3,1,0,0,0,0,0,24,1,0,20,25,1,3,1,10,0,11,0,2,0,24,G1F7E2
9,1,4,0,0,0,0,0,7,3,1,12,24,0,6,3,9,0,7,0,0,0,29,E6G7D2
9,2,4,0,0,0,0,0,15,4,1,23,18,1,2,0,9,0,5,0,2,0,21,F6E8A2
6,5,6,0,0,0,0,0,34,5,1,31,49,2,10,3,29,0,11,0,3,0,37,A5E8H2
13,7,6,0,0,0,0,0,50,7,3,62,69,3,13,4,33,0,15,0,5,0,87,F3F9H2
3,3,1,0,0,0,0,0,36,2,5,37,38,2,12,1,20,0,17,0,1,0,51,E3C9G2
6,6,2,0,0,0,0,0,35,4,2,30,31,5,6,3,16,0,6,0,1,0,48,A1C8B2
4,2,1,0,0,0,0,0,34,1,8,39,39,4,13,3,22,0,11,0,3,0,52,C6D9G2
6,4,1,0,0,0,0,0,17,7,0,21,17,1,8,1,11,0,1,0,3,0,22,B3G12G2
0,2,3,0,0,0,0,0,25,1,1,15,31,3,5,0,7,0,7,0,1,0,30,E5B10A2
10,6,2,0,0,0,0,0,64,6,3,69,43,4,13,1,39,1,27,0,9,0,116,A3F7H2
15,9,5,0,0,0,0,0,61,5,11,39,95,5,17,4,37,0,17,0,8,0,79,D4A9A2
3,2,1,0,0,0,0,0,23,1,2,31,15,0,5,1,12,1,5,0,2,0,39,D6B7G2
35,21,18,0,0,0,0,0,152,24,14,179,212,12,31,17,93,0,59,0,27,1,273,G3B11H2
14,12,11,0,0,0,0,0,71,9,9,84,77,0,12,2,41,0,17,0,11,0,127,D4B9H2
6,2,6,0,0,0,0,0,34,0,2,37,33,9,3,2,20,0,14,0,7,0,47,E3H7G2
3,0,1,0,0,0,0,0,22,4,4,20,33,2,6,2,15,0,8,0,6,0,35,F4G12H2
6,4,2,0,0,0,0,0,18,4,2,18,33,1,5,2,9,0,6,0,2,0,34,B6B7E2
11,5,3,0,0,0,0,0,24,4,5,34,17,0,5,3,15,0,10,0,7,0,39,G6B9C2
23,7,7,0,0,0,0,0,120,15,9,151,129,3,33,6,75,0,35,0,8,0,199,D2B12E2
2,2,2,0,0,0,0,0,26,2,4,23,24,0,7,0,15,0,3,0,5,0,29,A3C7A2
8,1,1,0,0,0,0,0,38,3,5,43,29,3,13,1,24,0,13,0,0,0,63,A2G9D2
12,7,2,0,0,0,0,0,27,1,1,30,58,2,2,1,18,0,12,0,2,0,36,G5H10A2
8,8,4,0,0,0,0,0,37,8,1,35,46,6,11,1,25,0,14,0,2,0,60,C5F12A2
18,5,14,0,1,0,0,0,97,12,8,127,107,5,29,11,67,0,34,0,8,0,160,D5E9F2
2,1,4,0,0,0,0,0,23,2,3,27,29,1,6,2,17,0,9,0,2,0,47,H5C9C2
5,7,3,0,0,0,0,0,46,3,6,43,54,5,7,1,31,0,16,0,4,0,101,H3E8B2
4,2,2,0,0,0,0,0,13,1,3,15,32,0,3,0,10,0,4,0,2,0,17,F4G11H2
21,8,11,0,0,1,0,0,62,16,6,50,62,5,11,7,37,0,21,0,8,0,116,H1H7H2
2,4,4,0,0,0,0,0,18,3,1,19,29,4,3,1,16,0,19,0,1,0,35,A5B10B2
12,12,7,0,0,0,0,0,88,8,11,93,85,4,20,4,44,0,14,0,8,0,134,E5F10B2
1,0,2,0,0,0,0,0,17,0,1,31,7,1,5,1,16,0,3,0,4,0,43,D6G10F2
2,1,5,0,0,0,0,0,34,8,2,38,41,0,8,0,10,0,16,0,7,0,50,G2B11C2
2,0,2,0,0,0,0,0,12,1,0,24,30,1,2,1,5,0,2,0,1,0,44,C3E10A2
5,7,4,0,0,0,0,0,24,2,4,26,39,4,7,4,11,0,13,0,3,0,39,H6D11B2
21,9,8,0,0,0,0,0,86,12,11,91,102,8,25,8,66,1,28,0,14,0,142,H4D8G2
7,4,2,0,0,0,0,0,33,5,2,54,40,1,6,0,24,0,9,0,7,0,76,G3A11F2
5,6,3,0,0,0,0,0,55,6,4,60,70,3,15,1,34,0,13,0,6,0,123,D6F9A2
3,3,2,0,0,0,0,0,27,2,4,32,24,1,6,2,17,0,12,0,4,0,47,A4A10G2
5,12,5,0,0,0,0,0,43,3,6,66,65,5,7,4,30,0,23,0,5,0,71,H2G10H2
6,10,3,0,0,0,0,0,48,3,3,55,43,3,15,1,26,0,7,0,3,0,69,E4F11B2
9,7,6,0,0,0,0,0,39,5,4,35,41,2,13,8,15,0,13,0,5,0,43,G4F7D2
11,7,3,0,0,0,0,0,53,3,3,54,56,4,12,3,40,0,12,0,8,0,71,E3F11B2
2,5,0,0,0,0,0,0,21,0,2,26,32,1,11,1,16,0,10,0,1,0,43,A1F8H2
12,2,3,0,0,0,0,0,59,5,8,76,70,3,18,4,30,0,18,0,7,0,103,H2F9B2
4,4,2,0,0,0,0,0,42,5,3,44,42,1,6,1,30,1,10,0,5,0,61,A1F11F2
9,4,10,0,0,0,0,0,26,4,4,41,55,3,7,3,15,0,18,1,6,0,67,H6G7E2
4,2,1,0,0,0,0,0,21,1,2,22,22,3,4,2,11,0,4,0,2,0,22,A2D9E2
6,4,6,0,0,0,0,0,41,4,5,58,55,1,10,6,21,0,17,0,4,0,57,G6H11D2
6,2,1,0,0,0,0,0,26,2,5,48,43,2,12,3,23,0,11,0,5,0,60,C1D10E2
11,12,6,0,0,0,0,0,106,8,7,103,113,7,22,3,47,1,32,0,5,0,151,E2H10H2
29,10,10,0,0,1,0,0,90,12,10,132,133,8,21,7,63,1,35,0,14,0,133,E6H11G2
5,0,1,0,0,0,0,0,18,0,1,18,16,1,4,0,10,0,5,0,3,0,26,E6G10G2
9,3,5,0,0,0,0,0,84,6,9,128,84,7,33,1,66,0,20,0,8,0,169,G3E10F2
12,10,7,0,0,0,0,0,83,11,9,99,105,5,28,4,49,0,14,0,9,0,137,E3D11E2
3,6,4,0,0,0,0,0,49,3,2,52,37,3,9,1,31,0,9,0,4,0,63,H3G7F2
2,4,2,0,0,0,0,0,15,1,3,31,24,2,7,0,9,0,6,0,1,0,33,D1G9C2
18,20,7,0,0,0,1,0,121,16,11,122,203,11,28,6,68,1,33,0,10,0,224,G1A9E2
8,14,5,0,0,0,0,0,53,11,8,61,94,7,11,5,30,0,23,0,10,0,115,A3G9C2
1,2,2,0,0,0,0,0,28,2,3,24,33,0,6,2,18,0,7,0,2,0,32,A6D11E2
3,2,9,0,0,0,0,0,60,6,7,73,76,3,11,3,45,0,19,0,3,0,100,C1G12D2
7,2,7,0,0,0,0,0,14,1,2,23,32,3,2,2,6,0,7,0,3,0,36,G6G12E2
4,5,3,0,0,0,0,0,39,3,6,33,52,2,14,2,23,0,8,0,1,0,88,H2B12H2
0,4,2,0,0,0,0,0,17,1,3,24,14,2,12,2,24,0,10,0,1,0,41,D5H9E2
28,6,14,0,0,0,0,0,85,17,8,116,102,4,23,7,54,1,34,0,10,0,147,H6A8F2
12,4,3,0,0,0,0,0,21,6,6,52,64,2,7,1,12,0,14,0,2,0,57,A3C9C2
5,5,1,0,0,0,0,0,34,0,4,44,52,2,9,0,15,0,6,0,2,0,80,H4E9H2
3,4,3,0,0,0,0,0,26,2,3,36,25,2,8,1,12,0,14,0,3,0,42,H2B8D2
17,11,2,0,0,0,0,0,63,9,10,80,74,8,21,3,51,0,18,0,3,0,117,F2A9H2
8,2,2,0,0,0,0,0,19,4,2,21,33,1,5,1,12,0,11,0,3,0,38,B1A11F2
25,8,13,0,0,0,0,0,219,21,18,251,187,12,48,10,133,0,49,0,14,1,408,E5D10D2
2,1,2,0,0,0,0,0,16,3,3,23,20,1,7,2,11,0,2,0,3,0,33,D1A9E2
5,6,2,0,0,0,0,0,46,4,4,83,60,3,15,1,37,0,18,0,9,0,73,D1H8G2
1,1,3,0,0,0,0,0,15,0,1,32,22,0,5,0,11,0,7,0,3,0,38,E2G10C2
6,3,4,0,0,0,0,0,14,7,1,17,25,3,4,0,9,0,6,0,9,0,27,B3E8B2
22,6,4,0,0,0,0,0,89,16,5,89,77,6,25,4,40,0,12,0,7,0,117,H6A7H2
35,18,15,0,0,0,0,0,92,22,9,124,137,5,30,8,54,0,33,0,25,0,156,D5A12C2
20,9,9,0,0,0,0,0,88,7,10,78,106,7,17,5,47,0,12,0,11,0,129,F6C11G2
10,9,5,0,0,0,0,0,71,3,1,75,87,3,20,8,37,1,30,0,4,0,107,F1G12E2
13,7,6,0,0,0,0,0,82,10,6,88,98,4,10,2,50,0,17,0,11,0,123,H4C8H2
8,8,9,0,0,0,0,0,28,7,5,43,40,4,10,1,19,0,5,0,2,0,58,F5D11F2
3,3,4,0,0,0,0,0,32,3,2,28,40,1,9,2,19,0,9,0,1,0,43,C2C10H2
3,2,0,0,0,0,0,0,31,4,5,30,32,2,7,1,10,0,4,0,3,0,29,F6B8B2
3,3,2,0,0,0,0,0,24,3,4,31,42,4,5,8,18,0,8,0,4,0,41,D5A7F2
6,3,6,0,0,0,0,0,49,4,1,58,33,2,14,2,29,0,12,0,3,0,89,D1E9G2
6,5,2,0,0,0,0,0,23,4,7,32,51,3,7,0,12,0,8,0,3,0,47,C2E9E2
5,4,5,0,0,0,0,0,15,9,1,10,41,1,3,3,13,0,10,0,6,0,21,G6F9F2
14,2,2,0,0,0,0,0,45,9,2,64,80,7,17,4,33,0,17,0,5,0,96,G2C12C2
4,0,0,0,0,0,0,0,19,2,1,16,18,1,7,1,17,0,4,0,3,0,25,G5A7H2
11,2,5,0,0,0,0,1,46,7,5,56,49,2,11,4,40,0,15,0,6,0,88,D4A9C2
27,11,11,0,0,0,0,0,93,11,11,105,155,3,22,4,56,0,36,0,13,0,153,E3D9G2
3,2,1,0,0,0,0,0,17,1,3,12,23,1,3,4,7,0,7,0,4,0,17,B6G12G2
14,6,8,0,0,0,0,0,78,14,7,82,62,3,26,8,44,0,13,0,8,1,132,D6H11B2
9,2,3,0,0,0,0,0,45,3,7,36,40,6,6,1,22,0,6,0,8,0,58,F5F10B2
13,6,5,0,0,0,0,0,89,7,11,88,90,2,21,3,50,0,22,0,8,0,123,F5F7F2
7,4,7,0,0,0,0,0,33,2,6,25,60,5,3,0,24,0,14,0,4,0,41,F5E7B2
5,1,3,0,0,0,0,0,23,2,0,25,34,4,6,4,17,0,3,0,2,0,45,A3F9A2
2,2,4,0,0,0,0,0,24,2,3,27,31,1,5,0,10,0,4,0,2,0,41,G3C11G2
13,4,4,0,0,0,0,0,25,4,4,33,32,1,16,2,11,0,8,0,4,0,31,A1D7G2
6,2,1,0,0,0,0,0,33,2,5,20,26,0,6,2,12,0,6,0,3,0,53,B1H9A2
11,7,6,0,0,0,0,0,86,7,7,90,86,3,24,6,52,0,22,0,4,0,122,C1H8F2
4,0,1,0,0,0,0,0,33,3,0,20,34,2,8,1,21,0,4,0,5,0,40,C5D9C2
3,1,3,0,0,0,0,0,27,1,1,26,26,2,9,2,18,0,18,0,4,0,38,H6F10C2
12,8,10,0,0,0,0,0,53,4,8,83,72,7,11,5,35,0,18,0,9,0,110,H6F12F2
6,2,2,0,0,0,0,0,31,1,2,42,44,3,8,4,22,0,7,0,2,0,62,G6F8G2
20,9,10,0,0,0,0,0,94,12,6,83,84,9,32,5,49,0,39,0,10,0,153,D1A7H2
7,5,1,0,0,0,0,0,47,8,5,59,65,5,10,2,23,0,12,0,4,0,62,B2D9C2
13,3,5,0,0,0,0,0,62,12,4,100,78,3,24,7,52,0,16,0,8,0,128,D6G9E2
9,13,2,0,0,0,0,0,53,7,8,84,84,8,20,6,46,0,23,0,9,0,103,E1B9B2
5,4,3,0,0,0,0,0,34,0,1,32,38,2,6,0,19,0,8,0,9,0,47,E6C10D2
6,3,6,0,0,0,0,0,18,8,9,39,43,1,9,3,19,0,8,0,8,0,34,D1C8E2
14,1,0,0,0,0,0,0,30,6,4,27,49,1,9,2,11,0,15,0,4,0,59,A1A8A2
3,1,1,0,0,0,0,0,19,2,2,22,26,1,5,0,9,0,3,0,0,0,19,D4A12F2
15,10,5,0,0,0,0,0,95,9,8,125,91,9,17,10,53,0,20,0,7,0,172,A1A12A2
6,12,3,0,0,0,0,0,54,7,10,43,77,7,16,4,35,0,18,0,1,0,127,G3F8G2
6,7,1,0,0,0,0,0,58,6,8,60,63,3,12,3,39,0,12,0,5,0,91,A1B11A2
16,5,6,0,0,0,0,0,73,6,5,60,60,6,15,4,46,0,8,0,5,0,106,A1D7A2
17,11,2,0,0,0,0,0,108,9,10,88,101,4,26,4,53,0,28,0,11,0,126,F3E12B2
9,1,2,0,0,0,0,0,19,2,2,32,33,1,5,3,16,0,6,0,4,0,33,H2B7B2
5,9,7,0,0,0,0,0,37,3,3,35,54,3,11,3,29,0,18,0,6,0,74,F3C9C2
1,3,0,0,0,0,0,0,16,2,0,18,17,2,3,0,13,0,5,0,0,0,22,H5C7F2
9,7,4,0,0,0,0,0,79,3,7,56,91,5,14,4,45,0,12,0,3,0,85,C1B8A2
22,9,4,0,0,0,0,0,48,8,11,62,93,4,15,3,50,0,21,0,8,0,98,E6H10A2
48,39,18,0,0,0,0,0,255,28,45,284,351,25,70,22,206,0,115,0,33,0,425,F2C12H2
21,5,8,1,0,0,0,0,64,8,7,78,115,7,23,5,44,1,34,0,9,0,114,B1D7H2
5,8,3,0,0,0,0,0,37,3,2,67,66,5,21,6,27,0,10,0,6,0,80,C2F7C2
8,5,6,0,0,0,0,0,45,7,7,59,73,1,6,2,35,0,19,0,7,0,81,D5C10B2
8,2,5,0,0,0,0,0,82,9,12,106,103,9,16,3,54,0,29,0,5,0,137,A5E8E2
5,3,1,0,0,0,0,0,17,7,4,21,29,7,6,2,15,0,7,0,3,0,26,G1A7A2
3,4,0,0,0,0,0,0,20,3,5,26,39,4,6,2,13,0,6,0,3,0,51,F3E7F2
25,4,10,0,0,1,0,0,109,13,8,158,135,7,27,10,78,0,24,0,15,0,187,E4A8D2
6,1,0,0,0,0,0,0,11,4,2,22,27,2,4,2,7,0,7,0,4,0,18,B2F9H2
8,6,2,0,0,0,0,0,33,6,1,26,33,2,5,0,17,0,13,0,6,0,40,C3G10H2
10,11,3,0,0,0,0,0,115,6,6,173,118,3,28,8,77,0,33,0,3,0,212,H4E12B2
1,2,1,0,0,0,0,0,32,3,1,20,31,1,5,2,12,0,11,0,4,0,28,D1G7G2
4,3,2,0,0,0,0,0,14,3,2,22,14,0,8,1,16,0,4,0,2,1,17,F1D8C2
10,1,9,0,0,0,0,0,37,3,4,70,56,4,14,1,24,0,13,0,11,0,84,E2C12F2
9,5,1,0,0,0,0,0,23,2,1,24,35,0,4,4,16,0,8,0,0,0,36,C3D7B2
12,4,2,0,0,0,0,0,60,1,5,75,67,4,24,3,47,1,21,0,5,0,108,C4C11B2
46,37,20,0,0,0,0,0,361,21,39,480,509,29,98,18,236,1,144,0,40,0,658,E3G9G2
8,21,6,0,0,0,0,0,150,8,18,182,200,11,37,4,116,0,48,0,18,0,276,F1F12C2
12,8,8,0,0,0,0,0,83,7,9,79,79,2,12,5,37,0,22,0,6,0,129,D2H10G2
34,21,19,0,0,0,0,1,115,18,8,154,147,5,41,7,88,0,41,0,10,0,218,F3E12A2
11,5,2,0,0,0,0,0,16,1,0,30,34,2,9,2,13,0,14,0,3,0,52,H6F8F2
4,1,2,0,0,0,0,0,17,3,1,18,28,2,9,1,7,0,7,0,1,0,21,H5A12C2
9,6,3,0,0,0,0,0,49,2,7,41,63,7,4,2,21,0,21,0,6,0,60,D1F8C2
4,9,7,0,0,0,0,0,62,4,4,71,59,1,23,2,42,0,26,0,12,0,97,G1C9A2
4,6,3,0,0,0,0,0,34,5,5,37,29,2,4,1,19,0,5,0,1,0,57,A1B7B2
14,3,7,0,0,0,0,0,33,8,4,20,46,2,6,10,13,0,8,0,9,0,45,E6F11H2
12,8,4,0,0,0,0,0,72,7,18,85,100,10,21,2,47,0,27,0,9,0,124,G3B12H2
14,18,9,0,0,0,0,0,113,9,11,144,99,5,27,3,58,0,24,0,14,0,185,E4F11D2
10,6,2,0,0,0,0,0,26,4,6,38,62,3,4,1,19,0,15,0,1,0,60,F1G11D2
23,17,9,0,0,0,0,0,104,15,23,103,133,15,23,12,57,0,34,0,18,0,172,F5F12A2
12,5,6,0,0,0,0,0,72,3,4,80,69,6,22,4,47,0,22,0,7,0,132,F3D10B2
11,1,5,0,0,0,0,0,22,2,3,26,30,3,5,3,20,0,9,0,1,0,43,C6G10E2
4,1,0,0,0,0,0,0,17,1,0,21,21,1,4,1,8,0,8,0,0,0,23,D2B7E2
26,15,15,0,0,0,0,0,127,14,15,167,152,13,31,9,76,0,51,0,17,0,243,H6A7C2
6,2,6,0,0,0,0,0,35,6,4,46,27,5,10,2,15,0,10,0,4,0,45,H1E11G2
1,6,5,0,0,0,0,0,43,5,3,48,41,2,14,0,21,0,19,0,0,0,74,D2B7H2
13,7,6,0,0,0,0,0,47,4,9,34,88,6,12,3,31,0,14,0,9,0,83,F5H11C2
15,2,7,0,0,0,0,0,21,7,1,30,31,1,6,0,12,0,7,0,5,0,32,B3C9H2
59,31,20,0,0,0,0,0,436,35,31,475,391,22,119,27,274,0,93,0,36,0,706,B1F9H2
5,1,6,0,0,0,0,0,38,0,3,57,38,1,10,1,26,0,7,0,2,0,65,F4E8E2
12,9,4,0,0,0,0,0,61,13,10,97,89,5,19,4,41,0,29,0,11,0,146,E2F11C2
13,4,11,0,0,0,0,0,54,7,3,59,71,3,17,3,35,0,13,0,8,0,76,D3F7E2
17,9,6,0,0,0,0,0,71,12,12,115,106,2,21,12,62,0,27,0,8,0,139,G2E9C2
3,6,1,0,0,0,0,0,18,2,1,34,36,5,3,2,13,0,16,0,2,0,45,A1A11H2
6,3,3,0,0,0,0,0,30,5,5,44,44,1,7,1,22,0,11,0,3,0,50,G6G9B2
9,3,4,0,0,0,0,0,44,5,3,65,54,5,8,3,36,0,24,0,2,0,81,A3E10G2
19,7,11,1,0,0,0,0,124,16,17,138,160,6,45,6,88,1,46,0,14,0,205,A5H11F2
6,9,5,0,0,0,0,0,41,5,3,44,56,8,13,5,36,0,13,0,3,0,84,D4E8C2
28,32,17,0,0,0,0,0,232,31,30,314,305,22,61,22,167,0,94,0,21,0,450,C2F7H2
10,4,6,0,0,0,0,0,22,13,4,16,63,2,5,6,13,0,9,0,3,0,34,C5G9G2
6,6,5,0,0,0,0,0,32,4,3,60,43,5,7,4,26,0,11,0,5,0,54,H1E10B2
2,4,3,0,0,0,0,0,29,5,0,30,34,0,6,1,17,0,11,0,1,0,42,F6B9F2
3,0,1,0,0,0,0,0,28,1,5,38,24,3,6,0,21,0,3,0,2,0,32,G2F10G2
6,2,3,0,0,0,0,0,44,3,3,37,49,3,7,4,31,0,13,0,1,0,97,D3C7C2
26,9,10,0,0,0,0,0,72,10,11,92,125,6,18,7,56,1,27,0,16,0,120,F4E12E2
9,4,1,0,0,0,0,0,25,5,2,40,18,1,5,1,12,0,7,0,5,0,34,C4B7C2
23,16,9,0,0,0,0,0,196,9,16,188,199,8,50,7,108,0,53,0,12,0,293,H3E8D2
4,0,4,0,0,0,0,0,23,2,1,20,30,2,4,4,12,0,7,0,3,0,31,G2C7G2
2,0,1,0,0,0,0,0,21,0,1,22,10,3,7,1,16,0,2,0,3,0,30,F2G11D2
53,19,18,1,0,1,0,0,278,27,25,324,284,8,54,12,146,0,69,0,29,0,424,F4D11D2
32,19,9,0,0,0,0,0,186,17,21,164,191,13,45,15,96,0,43,0,21,0,263,H6B10D2
1,1,1,0,0,0,0,0,21,4,2,28,12,0,8,1,10,0,5,0,4,0,33,F3H10C2
7,7,2,0,0,0,0,0,40,4,12,34,54,3,14,0,25,0,14,0,3,0,86,B6B10E2
6,8,4,0,0,0,0,0,47,6,7,53,60,3,9,0,36,0,26,0,2,1,76,G3H7G2
6,5,2,0,0,0,0,0,58,2,7,70,70,8,10,2,48,1,27,0,2,0,82,G3H9D2
2,4,1,0,0,0,0,0,32,1,2,16,15,2,1,0,3,0,7,0,2,0,30,F3B7D2
2,1,1,0,0,0,0,0,19,5,3,19,17,0,3,1,4,0,5,0,0,0,25,F1G11E2
31,19,15,0,0,0,0,0,198,16,15,231,252,14,53,6,119,1,69,1,13,0,312,C6C9H2
38,39,15,0,0,0,0,0,357,17,29,443,382,28,116,18,247,0,91,0,18,0,612,D2G9H2
5,0,5,0,0,0,0,0,17,4,2,13,26,2,5,2,10,0,2,0,0,0,33,E5E9B2
26,17,21,0,0,0,0,0,134,24,16,138,138,14,39,7,74,0,40,0,19,0,187,H4E11C2
21,11,11,0,0,0,0,1,165,10,10,168,158,9,33,3,92,0,39,0,11,0,237,D3D11B2
5,7,4,0,0,0,0,0,34,7,2,33,45,3,12,4,11,0,10,0,7,0,63,D1D7E2
7,2,2,0,0,0,0,0,23,2,6,24,54,6,9,1,24,0,10,0,9,0,69,E2C9C2
31,15,21,0,0,0,0,0,137,17,15,238,185,8,38,11,105,2,48,0,24,0,308,F3E12G2
8,2,2,0,0,0,0,0,51,4,9,72,70,0,12,2,36,0,10,0,8,0,80,C6A9A2
1,1,0,0,0,0,0,0,16,0,1,24,16,2,3,1,17,0,9,0,1,0,38,B5H10A2
1,4,5,0,0,0,0,0,34,5,10,46,32,2,5,3,20,0,7,0,2,0,59,E4H9G2
29,14,11,0,0,0,0,0,153,15,11,116,174,10,29,9,79,0,29,0,23,0,219,G1B8E2
22,5,11,0,0,0,0,0,56,10,8,64,79,3,19,9,40,0,18,0,8,0,119,D3G9H2
7,8,8,0,0,0,0,0,92,3,5,92,91,4,29,6,47,0,25,0,6,0,136,H4A7D2
4,5,4,0,0,0,0,0,57,2,3,58,44,3,14,1,39,0,7,0,5,0,85,F2C12E2
4,4,0,0,0,0,0,0,17,3,5,8,30,1,2,1,19,0,7,1,3,0,29,D1A9F2
3,3,2,0,0,0,0,0,21,2,0,27,29,1,4,0,16,0,5,0,3,0,27,D5G10E2
28,18,11,0,0,0,0,0,157,14,15,178,172,8,47,7,105,0,46,0,20,0,241,G1C9B2
16,4,4,0,0,0,0,0,64,3,6,92,66,5,13,2,41,0,19,0,5,0,123,A3A8E2
13,8,5,0,0,0,0,0,77,9,7,92,80,7,25,5,45,0,16,0,12,0,139,G3F7G2
7,6,4,0,0,0,0,0,32,4,3,31,42,4,10,3,14,0,12,0,4,0,46,A5D9H2
6,5,2,0,0,0,0,0,40,1,5,51,65,5,11,2,22,0,9,0,5,0,60,B2A9E2
10,3,0,0,0,0,0,0,15,3,0,30,9,0,4,6,11,0,2,1,4,0,18,H2D8D2
3,0,2,0,0,0,0,0,24,1,3,28,28,0,3,0,15,0,6,0,1,0,28,A2E8E2
1,2,2,0,0,0,0,0,20,0,2,17,12,1,2,2,11,0,4,0,2,0,31,D2A11F2
9,4,6,0,0,0,0,0,64,5,3,58,59,10,14,1,32,0,13,0,5,0,95,G4D11G2
4,4,6,0,0,0,0,0,58,2,5,76,52,2,10,2,38,0,18,0,5,0,102,F3H11H2
4,1,2,0,0,0,0,0,33,2,1,27,27,4,6,0,19,0,6,0,2,0,35,B3F9G2
13,11,6,0,0,0,0,0,37,6,5,44,61,2,12,8,23,0,12,0,9,0,68,B3A9G2
6,0,1,0,0,0,0,0,47,3,3,69,49,2,14,1,20,0,14,0,4,0,72,A2E8C2
25,16,8,0,0,0,0,0,85,13,5,118,137,9,24,8,54,0,30,0,10,0,172,C4F11G2
15,14,6,0,0,0,0,0,91,7,9,90,97,12,26,8,61,0,19,0,16,0,131,E3H10A2
10,5,5,0,0,0,0,0,54,1,6,69,87,5,14,4,36,0,17,0,4,0,101,H3A12F2
13,5,2,0,0,0,0,0,32,4,5,54,40,9,10,4,18,0,14,0,4,0,71,H2E9G2
3,2,1,0,0,0,0,0,26,1,2,30,20,1,4,0,22,0,3,0,1,0,39,H2B9G2
5,4,3,0,0,0,0,0,51,2,4,61,55,5,15,1,24,0,29,0,6,0,84,F2C9H2
6,3,3,0,0,0,0,0,37,6,5,45,45,2,10,3,36,0,12,0,2,0,66,G4H10D2
19,5,7,0,0,1,0,0,83,6,8,86,80,5,20,8,47,0,25,0,5,0,162,F2C8B2
23,16,7,0,0,0,0,0,86,8,12,76,123,9,14,3,78,0,25,0,7,0,169,F2B12G2
17,10,9,0,0,0,0,0,94,15,5,127,103,5,26,3,61,0,27,0,16,0,161,A4G12D2
5,2,0,0,0,0,0,0,14,2,0,36,26,4,5,0,13,0,4,0,1,0,43,B2C12E2
6,5,0,0,0,0,0,1,44,4,7,54,45,2,13,2,21,0,15,0,5,0,54,F2E12E2
6,7,2,0,0,0,0,0,53,1,3,43,43,4,10,0,34,0,10,0,1,0,90,H6E9C2
18,3,2,0,0,0,0,0,38,3,5,48,56,0,8,5,19,0,20,0,6,0,56,F3A8A2
9,7,3,0,0,0,0,1,96,7,10,85,93,3,35,1,54,0,25,0,4,0,144,D5B12A2
10,5,4,0,0,0,0,0,35,4,12,46,62,0,17,1,29,1,7,0,3,0,58,D5C10H2
16,8,1,0,0,0,1,0,59,4,5,62,73,3,17,8,44,0,22,0,6,0,96,D1C8C2
1,1,2,0,0,0,0,0,7,1,0,29,18,0,5,0,15,0,2,0,2,0,26,D1G7H2
2,7,2,0,0,0,0,0,40,1,3,33,44,3,9,0,23,0,7,0,1,0,66,E4D9C2
10,6,3,0,0,0,0,0,37,5,3,40,52,3,8,3,28,0,9,0,4,0,63,H3A8E2
6,10,7,0,0,0,0,0,31,8,3,46,41,1,5,4,21,0,13,0,4,0,53,C5H10D2
5,3,1,0,0,0,0,0,35,3,1,42,23,3,10,2,17,0,7,0,2,0,50,A3H10G2
17,14,5,0,0,0,0,0,70,15,7,84,110,5,19,5,50,0,16,0,12,0,133,F1E9A2
14,5,9,0,0,0,0,0,42,5,6,46,41,2,12,1,25,0,24,0,10,0,48,E3G11B2
6,4,8,0,0,0,0,0,87,6,2,114,70,3,26,4,45,0,16,0,5,0,112,B1E8H2
7,6,1,0,0,0,0,0,63,6,9,69,62,5,14,3,32,1,25,0,5,0,97,G3D11C2
7,2,3,0,0,0,0,0,22,8,3,31,24,5,4,3,20,0,11,0,6,0,44,G6A7G2
6,3,4,0,0,0,0,0,25,2,2,26,39,0,6,0,22,0,6,0,5,0,43,E4H11E2
22,14,10,0,0,0,0,0,154,9,21,138,189,13,26,9,80,1,50,1,11,0,222,F6G9A2
7,3,1,0,0,0,0,0,36,3,0,35,40,4,4,3,15,0,12,0,3,0,61,C5F10G2
11,7,3,0,0,0,0,0,78,8,5,120,68,3,19,2,39,0,15,0,8,1,143,A6E10D2
6,4,6,0,0,0,0,0,49,6,1,73,60,5,10,2,30,0,7,0,6,0,75,E6A12F2
11,7,6,0,0,0,0,0,60,8,2,75,73,1,15,2,42,0,10,0,6,0,82,G3G12B2
8,6,5,0,0,0,0,0,43,4,7,55,65,2,14,3,34,1,22,0,6,0,88,H6B10B2
42,23,15,0,0,0,0,0,268,20,25,320,250,24,68,10,168,1,69,0,31,0,416,H2A12H2
9,10,8,0,0,0,0,0,69,9,9,70,65,4,22,2,40,0,19,0,10,1,106,H4C9H2
17,4,6,0,0,0,0,0,51,2,6,38,50,4,11,2,39,0,24,0,2,0,83,B1D10H2
2,1,1,0,0,0,0,0,36,4,5,45,43,2,12,1,23,0,14,0,3,0,60,B1G9E2
4,1,0,0,0,0,0,0,12,2,2,13,17,3,6,1,12,0,9,0,1,0,27,D1E10B2
8,7,7,0,0,0,0,0,60,9,3,61,69,3,11,11,30,0,16,0,9,0,87,H3B11B2
12,1,3,0,0,0,0,0,50,6,3,78,77,4,16,7,34,0,12,0,6,0,79,A3H8F2
15,8,3,0,0,0,0,0,57,3,6,54,64,6,11,2,28,0,15,0,7,0,74,B5H8H2
17,5,12,0,0,0,0,0,110,13,15,144,137,7,31,5,72,0,30,0,5,0,212,A1C8H2
15,10,4,0,0,0,0,0,91,9,9,104,95,8,24,3,55,0,27,0,6,0,131,F2D9G2
15,12,6,0,0,0,0,0,89,9,9,91,105,13,23,5,50,0,27,0,12,1,170,B1H9H2
6,2,3,0,0,0,0,0,34,4,2,33,26,2,7,0,12,0,13,0,2,0,55,H2A12A2
4,2,0,0,0,0,0,0,38,2,2,44,39,3,14,2,13,0,7,0,5,0,74,G2G10D2
6,4,2,0,0,0,0,0,36,3,2,43,57,4,7,3,29,0,12,0,2,0,67,F5H11E2
13,13,5,0,0,0,0,0,80,8,14,55,110,11,13,7,52,0,28,0,7,0,117,G6A7D2
3,1,0,0,0,0,0,0,20,2,7,11,41,0,6,0,9,0,11,0,1,0,22,E1B11C2
29,16,8,0,0,0,0,0,59,5,7,69,129,7,21,5,32,0,25,0,29,0,132,D2A12D2
4,2,1,0,0,0,0,0,18,0,2,24,20,2,5,1,13,0,5,0,1,0,37,F2B9A2
27,10,14,0,0,0,0,1,50,16,11,72,79,3,18,14,43,0,21,0,20,0,80,F2A8D2
9,0,7,0,0,0,0,0,12,7,1,17,25,2,1,5,4,0,9,0,5,0,23,A3A8B2
12,12,7,0,0,0,0,0,134,5,12,142,83,8,35,8,95,0,10,0,6,0,183,F6H8H2
11,13,3,0,0,0,0,0,85,7,7,85,123,7,21,3,47,0,37,0,12,0,129,D2C12C2
10,8,8,0,1,0,0,0,58,8,8,63,100,5,12,8,32,0,22,0,5,0,88,A4H11H2
5,2,2,0,0,0,0,0,42,1,0,48,31,1,14,3,32,0,13,0,4,0,65,C1F11D2
4,2,2,0,0,0,0,0,12,3,5,15,27,1,4,0,9,0,3,0,3,0,26,D5G10F2
6,7,0,0,0,0,0,0,33,0,0,48,43,2,18,2,27,0,5,0,5,0,80,E3H7A2
4,4,4,0,0,0,0,0,28,2,6,28,36,1,11,1,14,0,10,0,1,0,63,D5C8C2
5,0,1,0,0,0,0,0,36,4,1,40,40,1,14,2,17,0,11,0,0,0,51,A4G12G2
17,9,6,0,0,0,0,0,63,9,8,74,73,2,18,14,46,0,23,0,11,0,102,B6C9B2
11,3,5,0,0,0,0,0,62,3,6,112,77,6,17,1,39,0,29,0,5,0,130,D5D9A2
4,3,2,0,0,0,0,0,14,3,3,20,24,1,7,1,12,0,8,0,1,0,34,A6A11G2
11,12,4,0,0,0,0,0,107,11,11,71,102,8,22,5,62,0,27,0,12,0,164,H4D8A2
6,1,3,0,0,0,0,0,37,7,2,47,39,4,7,1,23,0,6,0,6,0,57,E6E9E2
5,8,2,0,0,0,0,0,30,7,4,35,55,3,11,5,19,0,10,0,0,0,45,D6G10D2
14,13,9,0,0,0,0,0,88,7,20,72,166,13,22,9,61,0,46,0,11,0,196,C1C12G2
5,6,3,0,0,0,0,0,36,1,5,71,49,0,16,4,33,0,6,0,2,0,72,F4C9D2
3,4,1,0,0,0,0,0,35,1,3,40,42,2,8,4,15,0,14,1,5,0,40,D5A10H2
9,3,7,0,0,0,0,0,25,1,1,46,25,1,7,2,13,0,13,0,4,0,56,C3B12E2
15,2,6,0,0,0,0,0,20,4,7,56,56,5,3,4,20,0,12,0,10,0,67,D6A10F2
15,16,11,0,0,0,0,0,138,10,5,125,115,7,38,7,81,1,41,0,14,0,217,D6B8E2
16,7,2,0,0,0,0,0,37,8,7,47,64,3,10,3,24,0,8,0,8,0,64,C4G9B2
